{
  "battle_won_mean": [
    0.0,
    0.0,
    0.0,
    0.0,
    0.0,
    0.0,
    0.0,
    0.0
  ],
  "battle_won_mean_T": [
    2000164,
    2010210,
    2020231,
    2030236,
    2040251,
    2050251,
    2060280,
    2070296
  ],
  "dead_allies_mean": [
    6.0,
    7.3624161073825505,
    7.777251184834123,
    8.0,
    8.0,
    8.0,
    7.970260223048327,
    8.0
  ],
  "dead_allies_mean_T": [
    2000164,
    2010210,
    2020231,
    2030236,
    2040251,
    2050251,
    2060280,
    2070296
  ],
  "dead_enemies_mean": [
    1.0,
    0.436241610738255,
    0.5734597156398105,
    1.8676470588235294,
    1.7883211678832116,
    1.483271375464684,
    1.962825278810409,
    1.9148148148148147
  ],
  "dead_enemies_mean_T": [
    2000164,
    2010210,
    2020231,
    2030236,
    2040251,
    2050251,
    2060280,
    2070296
  ],
  "ep_length_mean": [
    120.0,
    67.42281879194631,
    47.492890995260666,
    36.783088235294116,
    36.551094890510946,
    37.174721189591075,
    37.28252788104089,
    37.096296296296295
  ],
  "ep_length_mean_T": [
    2000164,
    2010210,
    2020231,
    2030236,
    2040251,
    2050251,
    2060280,
    2070296
  ],
  "episode": [
    1,
    150,
    361,
    633,
    907,
    1176,
    1445,
    1715
  ],
  "episode_T": [
    2000164,
    2010210,
    2020231,
    2030236,
    2040251,
    2050251,
    2060280,
    2070296
  ],
  "epsilon": [
    0.05,
    0.05,
    0.05,
    0.05,
    0.05,
    0.05,
    0.05,
    0.05
  ],
  "epsilon_T": [
    2000164,
    2010210,
    2020231,
    2030236,
    2040251,
    2050251,
    2060280,
    2070296
  ],
  "grad_norm": [
    {
      "py/reduce": [
        {
          "py/function": "torch._utils._rebuild_tensor_v2"
        },
        {
          "py/tuple": [
            {
              "py/reduce": [
                {
                  "py/function": "torch.storage._load_from_bytes"
                },
                {
                  "py/tuple": [
                    {
                      "py/b64": "gAKKCmz8nEb5IGqoUBkugAJN6QMugAJ9cQAoWBAAAABwcm90b2NvbF92ZXJzaW9ucQFN6QNYDQAAAGxpdHRsZV9lbmRpYW5xAohYCgAAAHR5cGVfc2l6ZXNxA31xBChYBQAAAHNob3J0cQVLAlgDAAAAaW50cQZLBFgEAAAAbG9uZ3EHSwR1dS6AAihYBwAAAHN0b3JhZ2VxAGN0b3JjaApGbG9hdFN0b3JhZ2UKcQFYDgAAADk0NDAwNDQ5NjE1OTUycQJYBgAAAGN1ZGE6MHEDSwFOdHEEUS6AAl1xAFgOAAAAOTQ0MDA0NDk2MTU5NTJxAWEuAQAAAAAAAAB2HWVB"
                    }
                  ]
                }
              ]
            },
            0,
            {
              "py/tuple": []
            },
            {
              "py/tuple": []
            },
            false,
            {
              "py/reduce": [
                {
                  "py/type": "collections.OrderedDict"
                },
                {
                  "py/tuple": []
                },
                null,
                null,
                {
                  "py/tuple": []
                }
              ]
            }
          ]
        }
      ]
    },
    {
      "py/reduce": [
        {
          "py/function": "torch._utils._rebuild_tensor_v2"
        },
        {
          "py/tuple": [
            {
              "py/reduce": [
                {
                  "py/function": "torch.storage._load_from_bytes"
                },
                {
                  "py/tuple": [
                    {
                      "py/b64": "gAKKCmz8nEb5IGqoUBkugAJN6QMugAJ9cQAoWBAAAABwcm90b2NvbF92ZXJzaW9ucQFN6QNYDQAAAGxpdHRsZV9lbmRpYW5xAohYCgAAAHR5cGVfc2l6ZXNxA31xBChYBQAAAHNob3J0cQVLAlgDAAAAaW50cQZLBFgEAAAAbG9uZ3EHSwR1dS6AAihYBwAAAHN0b3JhZ2VxAGN0b3JjaApGbG9hdFN0b3JhZ2UKcQFYDgAAADk0NDAwNDUyNzYyNjg4cQJYBgAAAGN1ZGE6MHEDSwFOdHEEUS6AAl1xAFgOAAAAOTQ0MDA0NTI3NjI2ODhxAWEuAQAAAAAAAACxjwpA"
                    }
                  ]
                }
              ]
            },
            0,
            {
              "py/tuple": []
            },
            {
              "py/tuple": []
            },
            false,
            {
              "py/reduce": [
                {
                  "py/type": "collections.OrderedDict"
                },
                {
                  "py/tuple": []
                },
                null,
                null,
                {
                  "py/tuple": []
                }
              ]
            }
          ]
        }
      ]
    },
    {
      "py/reduce": [
        {
          "py/function": "torch._utils._rebuild_tensor_v2"
        },
        {
          "py/tuple": [
            {
              "py/reduce": [
                {
                  "py/function": "torch.storage._load_from_bytes"
                },
                {
                  "py/tuple": [
                    {
                      "py/b64": "gAKKCmz8nEb5IGqoUBkugAJN6QMugAJ9cQAoWBAAAABwcm90b2NvbF92ZXJzaW9ucQFN6QNYDQAAAGxpdHRsZV9lbmRpYW5xAohYCgAAAHR5cGVfc2l6ZXNxA31xBChYBQAAAHNob3J0cQVLAlgDAAAAaW50cQZLBFgEAAAAbG9uZ3EHSwR1dS6AAihYBwAAAHN0b3JhZ2VxAGN0b3JjaApGbG9hdFN0b3JhZ2UKcQFYDgAAADk0NDAwNDUxODYyMzM2cQJYBgAAAGN1ZGE6MHEDSwFOdHEEUS6AAl1xAFgOAAAAOTQ0MDA0NTE4NjIzMzZxAWEuAQAAAAAAAACwXK5A"
                    }
                  ]
                }
              ]
            },
            0,
            {
              "py/tuple": []
            },
            {
              "py/tuple": []
            },
            false,
            {
              "py/reduce": [
                {
                  "py/type": "collections.OrderedDict"
                },
                {
                  "py/tuple": []
                },
                null,
                null,
                {
                  "py/tuple": []
                }
              ]
            }
          ]
        }
      ]
    },
    {
      "py/reduce": [
        {
          "py/function": "torch._utils._rebuild_tensor_v2"
        },
        {
          "py/tuple": [
            {
              "py/reduce": [
                {
                  "py/function": "torch.storage._load_from_bytes"
                },
                {
                  "py/tuple": [
                    {
                      "py/b64": "gAKKCmz8nEb5IGqoUBkugAJN6QMugAJ9cQAoWBAAAABwcm90b2NvbF92ZXJzaW9ucQFN6QNYDQAAAGxpdHRsZV9lbmRpYW5xAohYCgAAAHR5cGVfc2l6ZXNxA31xBChYBQAAAHNob3J0cQVLAlgDAAAAaW50cQZLBFgEAAAAbG9uZ3EHSwR1dS6AAihYBwAAAHN0b3JhZ2VxAGN0b3JjaApGbG9hdFN0b3JhZ2UKcQFYDgAAADk0NDAwNDUzODk4MzUycQJYBgAAAGN1ZGE6MHEDSwFOdHEEUS6AAl1xAFgOAAAAOTQ0MDA0NTM4OTgzNTJxAWEuAQAAAAAAAAAoPPo/"
                    }
                  ]
                }
              ]
            },
            0,
            {
              "py/tuple": []
            },
            {
              "py/tuple": []
            },
            false,
            {
              "py/reduce": [
                {
                  "py/type": "collections.OrderedDict"
                },
                {
                  "py/tuple": []
                },
                null,
                null,
                {
                  "py/tuple": []
                }
              ]
            }
          ]
        }
      ]
    },
    {
      "py/reduce": [
        {
          "py/function": "torch._utils._rebuild_tensor_v2"
        },
        {
          "py/tuple": [
            {
              "py/reduce": [
                {
                  "py/function": "torch.storage._load_from_bytes"
                },
                {
                  "py/tuple": [
                    {
                      "py/b64": "gAKKCmz8nEb5IGqoUBkugAJN6QMugAJ9cQAoWBAAAABwcm90b2NvbF92ZXJzaW9ucQFN6QNYDQAAAGxpdHRsZV9lbmRpYW5xAohYCgAAAHR5cGVfc2l6ZXNxA31xBChYBQAAAHNob3J0cQVLAlgDAAAAaW50cQZLBFgEAAAAbG9uZ3EHSwR1dS6AAihYBwAAAHN0b3JhZ2VxAGN0b3JjaApGbG9hdFN0b3JhZ2UKcQFYDgAAADk0NDAwNDUwNzY2Njg4cQJYBgAAAGN1ZGE6MHEDSwFOdHEEUS6AAl1xAFgOAAAAOTQ0MDA0NTA3NjY2ODhxAWEuAQAAAAAAAAAEieI/"
                    }
                  ]
                }
              ]
            },
            0,
            {
              "py/tuple": []
            },
